{"41": {"eval_loss": 0.6681872606277466, "eval_accuracy": 0.6353790613718412, "eval_runtime": 4.2382, "eval_samples_per_second": 65.357, "eval_steps_per_second": 8.258, "epoch": 3.0}, "40": {"eval_loss": 0.6483975052833557, "eval_accuracy": 0.6353790613718412, "eval_runtime": 4.2067, "eval_samples_per_second": 65.848, "eval_steps_per_second": 8.32, "epoch": 3.0}, "42": {"eval_loss": 0.6362345218658447, "eval_accuracy": 0.6462093862815884, "eval_runtime": 4.3505, "eval_samples_per_second": 63.671, "eval_steps_per_second": 8.045, "epoch": 3.0}, "43": {"eval_loss": 0.638414740562439, "eval_accuracy": 0.6462093862815884, "eval_runtime": 4.0895, "eval_samples_per_second": 67.734, "eval_steps_per_second": 8.558, "epoch": 3.0}, "44": {"eval_loss": 0.6465818881988525, "eval_accuracy": 0.6462093862815884, "eval_runtime": 3.3148, "eval_samples_per_second": 83.565, "eval_steps_per_second": 10.559, "epoch": 3.0}}