{"40": {"eval_loss": 0.6613687872886658, "eval_accuracy": 0.5956678700361011, "eval_runtime": 1.5676, "eval_samples_per_second": 176.705, "eval_steps_per_second": 22.327, "epoch": 3.0}, "41": {"eval_loss": 0.6767303943634033, "eval_accuracy": 0.5956678700361011, "eval_runtime": 1.636, "eval_samples_per_second": 169.316, "eval_steps_per_second": 21.394, "epoch": 3.0}, "42": {"eval_loss": 0.6526405811309814, "eval_accuracy": 0.6137184115523465, "eval_runtime": 1.6218, "eval_samples_per_second": 170.802, "eval_steps_per_second": 21.581, "epoch": 3.0}, "43": {"eval_loss": 0.648956298828125, "eval_accuracy": 0.6245487364620939, "eval_runtime": 1.5568, "eval_samples_per_second": 177.924, "eval_steps_per_second": 22.481, "epoch": 3.0}, "44": {"eval_loss": 0.6618329286575317, "eval_accuracy": 0.6028880866425993, "eval_runtime": 1.5551, "eval_samples_per_second": 178.126, "eval_steps_per_second": 22.507, "epoch": 3.0}}