{"40": {"eval_loss": 0.37176060676574707, "eval_accuracy": 0.8431372549019608, "eval_f1": 0.889273356401384, "eval_combined_score": 0.8662053056516724, "eval_runtime": 2.283, "eval_samples_per_second": 178.716, "eval_steps_per_second": 22.339, "epoch": 3.0}, "41": {"eval_loss": 0.3683839738368988, "eval_accuracy": 0.8455882352941176, "eval_f1": 0.8888888888888888, "eval_combined_score": 0.8672385620915033, "eval_runtime": 2.3029, "eval_samples_per_second": 177.167, "eval_steps_per_second": 22.146, "epoch": 3.0}, "42": {"eval_loss": 0.3772057890892029, "eval_accuracy": 0.8406862745098039, "eval_f1": 0.8849557522123894, "eval_combined_score": 0.8628210133610967, "eval_runtime": 2.293, "eval_samples_per_second": 177.936, "eval_steps_per_second": 22.242, "epoch": 3.0}, "43": {"eval_loss": 0.3961898982524872, "eval_accuracy": 0.821078431372549, "eval_f1": 0.8773109243697479, "eval_combined_score": 0.8491946778711484, "eval_runtime": 2.3336, "eval_samples_per_second": 174.839, "eval_steps_per_second": 21.855, "epoch": 3.0}, "44": {"eval_loss": 0.37240272760391235, "eval_accuracy": 0.8553921568627451, "eval_f1": 0.8966725043782837, "eval_combined_score": 0.8760323306205144, "eval_runtime": 2.3016, "eval_samples_per_second": 177.27, "eval_steps_per_second": 22.159, "epoch": 3.0}}