{"40": {"eval_loss": 0.5247520208358765, "eval_matthews_correlation": 0.4966579188966687, "eval_runtime": 2.7563, "eval_samples_per_second": 378.41, "eval_steps_per_second": 47.528, "epoch": 3.0}, "41": {"eval_loss": 0.5802955031394958, "eval_matthews_correlation": 0.4831623184083231, "eval_runtime": 2.749, "eval_samples_per_second": 379.406, "eval_steps_per_second": 47.653, "epoch": 3.0}, "42": {"eval_loss": 0.5431735515594482, "eval_matthews_correlation": 0.5338269593815457, "eval_runtime": 2.7301, "eval_samples_per_second": 382.037, "eval_steps_per_second": 47.984, "epoch": 3.0}, "43": {"eval_loss": 0.5612224340438843, "eval_matthews_correlation": 0.4992111877160894, "eval_runtime": 2.7532, "eval_samples_per_second": 378.838, "eval_steps_per_second": 47.582, "epoch": 3.0}, "44": {"eval_loss": 0.5759910345077515, "eval_matthews_correlation": 0.48297992492083974, "eval_runtime": 2.752, "eval_samples_per_second": 379.003, "eval_steps_per_second": 47.603, "epoch": 3.0}}