{"40": {"eval_loss": 0.6749064922332764, "eval_accuracy": 0.592057761732852, "eval_runtime": 1.6089, "eval_samples_per_second": 172.163, "eval_steps_per_second": 21.753, "epoch": 3.0}, "41": {"eval_loss": 0.6682510375976562, "eval_accuracy": 0.6028880866425993, "eval_runtime": 1.637, "eval_samples_per_second": 169.216, "eval_steps_per_second": 21.381, "epoch": 3.0}, "42": {"eval_loss": 0.6505585312843323, "eval_accuracy": 0.5992779783393501, "eval_runtime": 1.6632, "eval_samples_per_second": 166.544, "eval_steps_per_second": 21.043, "epoch": 3.0}, "43": {"eval_loss": 0.6758859753608704, "eval_accuracy": 0.6028880866425993, "eval_runtime": 1.637, "eval_samples_per_second": 169.216, "eval_steps_per_second": 21.381, "epoch": 3.0}, "44": {"eval_loss": 0.6733059287071228, "eval_accuracy": 0.5884476534296029, "eval_runtime": 1.6422, "eval_samples_per_second": 168.68, "eval_steps_per_second": 21.313, "epoch": 3.0}}