{"40": {"eval_loss": 0.5757318735122681, "eval_pearson": 0.8802882722893912, "eval_spearmanr": 0.8785749969921016, "eval_combined_score": 0.8794316346407465, "eval_runtime": 8.4783, "eval_samples_per_second": 176.921, "eval_steps_per_second": 22.174, "epoch": 3.0}, "41": {"eval_loss": 0.5148279666900635, "eval_pearson": 0.8875120996705554, "eval_spearmanr": 0.8865693459183512, "eval_combined_score": 0.8870407227944533, "eval_runtime": 8.4716, "eval_samples_per_second": 177.061, "eval_steps_per_second": 22.192, "epoch": 3.0}, "42": {"eval_loss": 0.5801474452018738, "eval_pearson": 0.8765821025572595, "eval_spearmanr": 0.8740726629281409, "eval_combined_score": 0.8753273827427002, "eval_runtime": 8.4512, "eval_samples_per_second": 177.489, "eval_steps_per_second": 22.245, "epoch": 3.0}, "43": {"eval_loss": 0.5287483930587769, "eval_pearson": 0.8826948092809808, "eval_spearmanr": 0.8805741318219062, "eval_combined_score": 0.8816344705514435, "eval_runtime": 8.5376, "eval_samples_per_second": 175.694, "eval_steps_per_second": 22.02, "epoch": 3.0}, "44": {"eval_loss": 0.5865759253501892, "eval_pearson": 0.8741707703144925, "eval_spearmanr": 0.8722442292836029, "eval_combined_score": 0.8732074997990478, "eval_runtime": 8.5033, "eval_samples_per_second": 176.403, "eval_steps_per_second": 22.109, "epoch": 3.0}}