{"40": {"eval_loss": 0.5354498028755188, "eval_pearson": 0.8787498891229948, "eval_spearmanr": 0.8768853035464834, "eval_combined_score": 0.8778175963347391, "eval_runtime": 8.8558, "eval_samples_per_second": 169.38, "eval_steps_per_second": 21.229, "epoch": 3.0}, "41": {"eval_loss": 0.5537697076797485, "eval_pearson": 0.8742342357876325, "eval_spearmanr": 0.8717302208074111, "eval_combined_score": 0.8729822282975218, "eval_runtime": 8.823, "eval_samples_per_second": 170.01, "eval_steps_per_second": 21.308, "epoch": 3.0}, "42": {"eval_loss": 0.5403388142585754, "eval_pearson": 0.8758847506485452, "eval_spearmanr": 0.8744574389940488, "eval_combined_score": 0.875171094821297, "eval_runtime": 8.7678, "eval_samples_per_second": 171.08, "eval_steps_per_second": 21.442, "epoch": 3.0}, "43": {"eval_loss": 0.5185965299606323, "eval_pearson": 0.8813329712173186, "eval_spearmanr": 0.8784133935690062, "eval_combined_score": 0.8798731823931624, "eval_runtime": 8.8826, "eval_samples_per_second": 168.87, "eval_steps_per_second": 21.165, "epoch": 3.0}, "44": {"eval_loss": 0.5386214256286621, "eval_pearson": 0.8777603493116066, "eval_spearmanr": 0.8756920199161231, "eval_combined_score": 0.8767261846138649, "eval_runtime": 8.8518, "eval_samples_per_second": 169.457, "eval_steps_per_second": 21.239, "epoch": 3.0}}