{"40": {"eval_loss": 0.5458643436431885, "eval_matthews_correlation": 0.4695101101903524, "eval_runtime": 2.792, "eval_samples_per_second": 373.573, "eval_steps_per_second": 46.921, "epoch": 3.0}, "41": {"eval_loss": 0.5476716160774231, "eval_matthews_correlation": 0.4553410961810576, "eval_runtime": 2.8713, "eval_samples_per_second": 363.252, "eval_steps_per_second": 45.624, "epoch": 3.0}, "42": {"eval_loss": 0.5534250736236572, "eval_matthews_correlation": 0.44684671605929466, "eval_runtime": 3.2639, "eval_samples_per_second": 319.556, "eval_steps_per_second": 40.136, "epoch": 3.0}, "43": {"eval_loss": 0.5569859743118286, "eval_matthews_correlation": 0.43606975606006876, "eval_runtime": 4.8577, "eval_samples_per_second": 214.71, "eval_steps_per_second": 26.967, "epoch": 3.0}, "44": {"eval_loss": 0.5491085648536682, "eval_matthews_correlation": 0.46398061315082145, "eval_runtime": 2.8264, "eval_samples_per_second": 369.021, "eval_steps_per_second": 46.349, "epoch": 3.0}}