{"40": {"eval_loss": 0.5312306880950928, "eval_accuracy": 0.7426470588235294, "eval_f1": 0.8341232227488151, "eval_combined_score": 0.7883851407861723, "eval_runtime": 2.4289, "eval_samples_per_second": 167.981, "eval_steps_per_second": 20.998, "epoch": 3.0}, "41": {"eval_loss": 0.5106291770935059, "eval_accuracy": 0.7671568627450981, "eval_f1": 0.8465266558966075, "eval_combined_score": 0.8068417593208528, "eval_runtime": 2.4134, "eval_samples_per_second": 169.054, "eval_steps_per_second": 21.132, "epoch": 3.0}, "42": {"eval_loss": 0.5128607749938965, "eval_accuracy": 0.7647058823529411, "eval_f1": 0.8436482084690554, "eval_combined_score": 0.8041770454109982, "eval_runtime": 2.3756, "eval_samples_per_second": 171.747, "eval_steps_per_second": 21.468, "epoch": 3.0}, "43": {"eval_loss": 0.5042886734008789, "eval_accuracy": 0.7696078431372549, "eval_f1": 0.8459016393442623, "eval_combined_score": 0.8077547412407586, "eval_runtime": 2.3708, "eval_samples_per_second": 172.093, "eval_steps_per_second": 21.512, "epoch": 3.0}, "44": {"eval_loss": 0.510490894317627, "eval_accuracy": 0.7867647058823529, "eval_f1": 0.8580750407830342, "eval_combined_score": 0.8224198733326935, "eval_runtime": 2.4322, "eval_samples_per_second": 167.753, "eval_steps_per_second": 20.969, "epoch": 3.0}}