{"40": {"eval_loss": 0.5573838353157043, "eval_matthews_correlation": 0.4780170126266128, "eval_runtime": 7.7334, "eval_samples_per_second": 134.869, "eval_steps_per_second": 16.94, "epoch": 3.0}, "41": {"eval_loss": 0.5843859314918518, "eval_matthews_correlation": 0.4392663684224782, "eval_runtime": 7.7828, "eval_samples_per_second": 134.013, "eval_steps_per_second": 16.832, "epoch": 3.0}, "42": {"eval_loss": 0.5621203184127808, "eval_matthews_correlation": 0.47775581719103866, "eval_runtime": 4.8018, "eval_samples_per_second": 217.209, "eval_steps_per_second": 27.281, "epoch": 3.0}, "43": {"eval_loss": 0.5539723634719849, "eval_matthews_correlation": 0.47745692156806036, "eval_runtime": 7.7522, "eval_samples_per_second": 134.542, "eval_steps_per_second": 16.898, "epoch": 3.0}, "44": {"eval_loss": 0.5550753474235535, "eval_matthews_correlation": 0.4638691307713943, "eval_runtime": 3.6405, "eval_samples_per_second": 286.503, "eval_steps_per_second": 35.985, "epoch": 3.0}}