{"40": {"eval_loss": 0.6668158173561096, "eval_accuracy": 0.5992779783393501, "eval_runtime": 2.0674, "eval_samples_per_second": 133.982, "eval_steps_per_second": 16.929, "epoch": 3.0}, "41": {"eval_loss": 0.6834278106689453, "eval_accuracy": 0.5667870036101083, "eval_runtime": 2.0692, "eval_samples_per_second": 133.871, "eval_steps_per_second": 16.915, "epoch": 3.0}, "42": {"eval_loss": 0.6788653135299683, "eval_accuracy": 0.592057761732852, "eval_runtime": 2.0616, "eval_samples_per_second": 134.365, "eval_steps_per_second": 16.977, "epoch": 3.0}, "43": {"eval_loss": 0.6732080578804016, "eval_accuracy": 0.6137184115523465, "eval_runtime": 2.0602, "eval_samples_per_second": 134.454, "eval_steps_per_second": 16.989, "epoch": 3.0}, "44": {"eval_loss": 0.6831603050231934, "eval_accuracy": 0.5956678700361011, "eval_runtime": 2.0689, "eval_samples_per_second": 133.891, "eval_steps_per_second": 16.918, "epoch": 3.0}}