{"40": {"eval_loss": 0.5121596455574036, "eval_accuracy": 0.7843137254901961, "eval_f1": 0.8576051779935275, "eval_combined_score": 0.8209594517418618, "eval_runtime": 3.0515, "eval_samples_per_second": 133.705, "eval_steps_per_second": 16.713, "epoch": 3.0}, "41": {"eval_loss": 0.483573317527771, "eval_accuracy": 0.7941176470588235, "eval_f1": 0.864951768488746, "eval_combined_score": 0.8295347077737847, "eval_runtime": 2.1776, "eval_samples_per_second": 187.359, "eval_steps_per_second": 23.42, "epoch": 3.0}, "42": {"eval_loss": 0.4557042717933655, "eval_accuracy": 0.7965686274509803, "eval_f1": 0.8618968386023295, "eval_combined_score": 0.8292327330266549, "eval_runtime": 3.031, "eval_samples_per_second": 134.608, "eval_steps_per_second": 16.826, "epoch": 3.0}, "43": {"eval_loss": 0.4574313759803772, "eval_accuracy": 0.7965686274509803, "eval_f1": 0.8632619439868204, "eval_combined_score": 0.8299152857189004, "eval_runtime": 3.0321, "eval_samples_per_second": 134.56, "eval_steps_per_second": 16.82, "epoch": 3.0}, "44": {"eval_loss": 0.5044453144073486, "eval_accuracy": 0.7818627450980392, "eval_f1": 0.8533772652388797, "eval_combined_score": 0.8176200051684595, "eval_runtime": 3.0407, "eval_samples_per_second": 134.18, "eval_steps_per_second": 16.772, "epoch": 3.0}}