{"40": {"eval_loss": 0.6979489922523499, "eval_accuracy": 0.5848375451263538, "eval_runtime": 2.0215, "eval_samples_per_second": 137.03, "eval_steps_per_second": 17.314, "epoch": 3.0}, "41": {"eval_loss": 0.713910698890686, "eval_accuracy": 0.5884476534296029, "eval_runtime": 2.0489, "eval_samples_per_second": 135.194, "eval_steps_per_second": 17.082, "epoch": 3.0}, "42": {"eval_loss": 0.6705912947654724, "eval_accuracy": 0.5992779783393501, "eval_runtime": 2.0523, "eval_samples_per_second": 134.972, "eval_steps_per_second": 17.054, "epoch": 3.0}, "43": {"eval_loss": 0.7014632821083069, "eval_accuracy": 0.6028880866425993, "eval_runtime": 2.0749, "eval_samples_per_second": 133.499, "eval_steps_per_second": 16.868, "epoch": 3.0}, "44": {"eval_loss": 0.6823695302009583, "eval_accuracy": 0.5740072202166066, "eval_runtime": 2.0654, "eval_samples_per_second": 134.115, "eval_steps_per_second": 16.946, "epoch": 3.0}}