{"40": {"eval_loss": 2.0731217861175537, "eval_pearson": 0.41805936504079, "eval_spearmanr": 0.41736336772709937, "eval_combined_score": 0.4177113663839447, "eval_runtime": 11.1287, "eval_samples_per_second": 134.787, "eval_steps_per_second": 16.893, "epoch": 3.0}, "41": {"eval_loss": 2.113415479660034, "eval_pearson": 0.433179553582562, "eval_spearmanr": 0.432939188070835, "eval_combined_score": 0.4330593708266985, "eval_runtime": 11.1208, "eval_samples_per_second": 134.883, "eval_steps_per_second": 16.905, "epoch": 3.0}, "42": {"eval_loss": 0.9180004000663757, "eval_pearson": 0.7960099720362344, "eval_spearmanr": 0.7846167756504189, "eval_combined_score": 0.7903133738433266, "eval_runtime": 11.1268, "eval_samples_per_second": 134.81, "eval_steps_per_second": 16.896, "epoch": 3.0}, "43": {"eval_loss": 2.1881120204925537, "eval_pearson": 0.3848630352253428, "eval_spearmanr": 0.3671742939897889, "eval_combined_score": 0.37601866460756583, "eval_runtime": 11.1065, "eval_samples_per_second": 135.056, "eval_steps_per_second": 16.927, "epoch": 3.0}, "44": {"eval_loss": 1.9917526245117188, "eval_pearson": 0.4788161704606253, "eval_spearmanr": 0.482800346991392, "eval_combined_score": 0.48080825872600863, "eval_runtime": 11.1092, "eval_samples_per_second": 135.023, "eval_steps_per_second": 16.923, "epoch": 3.0}}