{"40": {"eval_loss": 0.5580073595046997, "eval_matthews_correlation": 0.5045993817720598, "eval_runtime": 7.757, "eval_samples_per_second": 134.46, "eval_steps_per_second": 16.888, "epoch": 3.0}, "41": {"eval_loss": 0.5284887552261353, "eval_matthews_correlation": 0.5179391870486293, "eval_runtime": 7.7805, "eval_samples_per_second": 134.053, "eval_steps_per_second": 16.837, "epoch": 3.0}, "42": {"eval_loss": 0.5290856957435608, "eval_matthews_correlation": 0.5155383069979991, "eval_runtime": 3.6719, "eval_samples_per_second": 284.047, "eval_steps_per_second": 35.676, "epoch": 3.0}, "43": {"eval_loss": 0.5141483545303345, "eval_matthews_correlation": 0.5159673470694772, "eval_runtime": 7.7515, "eval_samples_per_second": 134.554, "eval_steps_per_second": 16.9, "epoch": 3.0}, "44": {"eval_loss": 0.5444929599761963, "eval_matthews_correlation": 0.5260499940984096, "eval_runtime": 3.6339, "eval_samples_per_second": 287.019, "eval_steps_per_second": 36.049, "epoch": 3.0}}