{"40": {"eval_loss": 0.5922628045082092, "eval_accuracy": 0.7009803921568627, "eval_f1": 0.7980132450331126, "eval_combined_score": 0.7494968185949876, "eval_runtime": 2.9953, "eval_samples_per_second": 136.212, "eval_steps_per_second": 17.027, "epoch": 3.0}, "41": {"eval_loss": 0.5739455223083496, "eval_accuracy": 0.7352941176470589, "eval_f1": 0.8317757009345794, "eval_combined_score": 0.7835349092908191, "eval_runtime": 1.4371, "eval_samples_per_second": 283.902, "eval_steps_per_second": 35.488, "epoch": 3.0}, "42": {"eval_loss": 0.5772138833999634, "eval_accuracy": 0.7303921568627451, "eval_f1": 0.8208469055374593, "eval_combined_score": 0.7756195312001022, "eval_runtime": 3.0472, "eval_samples_per_second": 133.892, "eval_steps_per_second": 16.736, "epoch": 3.0}, "43": {"eval_loss": 0.5852733850479126, "eval_accuracy": 0.7279411764705882, "eval_f1": 0.8262910798122066, "eval_combined_score": 0.7771161281413974, "eval_runtime": 2.8632, "eval_samples_per_second": 142.499, "eval_steps_per_second": 17.812, "epoch": 3.0}, "44": {"eval_loss": 0.580562949180603, "eval_accuracy": 0.7083333333333334, "eval_f1": 0.8137715179968701, "eval_combined_score": 0.7610524256651017, "eval_runtime": 3.0666, "eval_samples_per_second": 133.045, "eval_steps_per_second": 16.631, "epoch": 3.0}}