{"40": {"eval_loss": 0.5331024527549744, "eval_pearson": 0.8868869558866663, "eval_spearmanr": 0.8850069747347695, "eval_combined_score": 0.8859469653107179, "eval_runtime": 5.8954, "eval_samples_per_second": 254.437, "eval_steps_per_second": 31.889, "epoch": 3.0}, "41": {"eval_loss": 0.5607424974441528, "eval_pearson": 0.8837247013900793, "eval_spearmanr": 0.882388709479674, "eval_combined_score": 0.8830567054348766, "eval_runtime": 5.8936, "eval_samples_per_second": 254.514, "eval_steps_per_second": 31.899, "epoch": 3.0}, "42": {"eval_loss": 0.5508877635002136, "eval_pearson": 0.8845810911345584, "eval_spearmanr": 0.8823255262674395, "eval_combined_score": 0.883453308700999, "eval_runtime": 5.9288, "eval_samples_per_second": 253.004, "eval_steps_per_second": 31.71, "epoch": 3.0}, "43": {"eval_loss": 0.5476259589195251, "eval_pearson": 0.8837405937621945, "eval_spearmanr": 0.881497710750272, "eval_combined_score": 0.8826191522562332, "eval_runtime": 5.8949, "eval_samples_per_second": 254.456, "eval_steps_per_second": 31.892, "epoch": 3.0}, "44": {"eval_loss": 0.5403207540512085, "eval_pearson": 0.8860977175908804, "eval_spearmanr": 0.8832457795707375, "eval_combined_score": 0.8846717485808089, "eval_runtime": 5.8178, "eval_samples_per_second": 257.831, "eval_steps_per_second": 32.315, "epoch": 3.0}}