{"40": {"eval_loss": 0.5124740600585938, "eval_matthews_correlation": 0.5546666671852067, "eval_runtime": 4.1043, "eval_samples_per_second": 254.124, "eval_steps_per_second": 31.918, "epoch": 3.0}, "41": {"eval_loss": 0.5580627918243408, "eval_matthews_correlation": 0.48422240524905097, "eval_runtime": 4.1052, "eval_samples_per_second": 254.066, "eval_steps_per_second": 31.911, "epoch": 3.0}, "42": {"eval_loss": 0.5524344444274902, "eval_matthews_correlation": 0.5315332344895993, "eval_runtime": 4.1168, "eval_samples_per_second": 253.355, "eval_steps_per_second": 31.821, "epoch": 3.0}, "43": {"eval_loss": 0.5340752601623535, "eval_matthews_correlation": 0.5392832081618074, "eval_runtime": 4.1183, "eval_samples_per_second": 253.258, "eval_steps_per_second": 31.809, "epoch": 3.0}, "44": {"eval_loss": 0.5553762912750244, "eval_matthews_correlation": 0.5285348624455609, "eval_runtime": 4.1004, "eval_samples_per_second": 254.366, "eval_steps_per_second": 31.948, "epoch": 3.0}}