{"40": {"eval_loss": 0.5901046395301819, "eval_pearson": 0.8702781702565412, "eval_spearmanr": 0.868300352899917, "eval_combined_score": 0.8692892615782291, "eval_runtime": 6.0118, "eval_samples_per_second": 249.51, "eval_steps_per_second": 31.272, "epoch": 3.0}, "41": {"eval_loss": 0.5817593336105347, "eval_pearson": 0.8705597245833729, "eval_spearmanr": 0.8668962949927078, "eval_combined_score": 0.8687280097880403, "eval_runtime": 6.0022, "eval_samples_per_second": 249.909, "eval_steps_per_second": 31.322, "epoch": 3.0}, "42": {"eval_loss": 0.5906760096549988, "eval_pearson": 0.8688392988630369, "eval_spearmanr": 0.869037581166038, "eval_combined_score": 0.8689384400145375, "eval_runtime": 6.0411, "eval_samples_per_second": 248.299, "eval_steps_per_second": 31.12, "epoch": 3.0}, "43": {"eval_loss": 0.5920674800872803, "eval_pearson": 0.869532100654002, "eval_spearmanr": 0.8663301860616082, "eval_combined_score": 0.8679311433578051, "eval_runtime": 6.0193, "eval_samples_per_second": 249.2, "eval_steps_per_second": 31.233, "epoch": 3.0}, "44": {"eval_loss": 0.5819215774536133, "eval_pearson": 0.8722526890700237, "eval_spearmanr": 0.8674571210020172, "eval_combined_score": 0.8698549050360205, "eval_runtime": 6.0245, "eval_samples_per_second": 248.985, "eval_steps_per_second": 31.206, "epoch": 3.0}}