{"40": {"eval_loss": 0.5900193452835083, "eval_matthews_correlation": 0.4153896652547264, "eval_runtime": 4.2068, "eval_samples_per_second": 247.932, "eval_steps_per_second": 31.14, "epoch": 3.0}, "41": {"eval_loss": 0.6089016795158386, "eval_matthews_correlation": 0.41511377999074933, "eval_runtime": 4.184, "eval_samples_per_second": 249.285, "eval_steps_per_second": 31.31, "epoch": 3.0}, "42": {"eval_loss": 0.6270340085029602, "eval_matthews_correlation": 0.42970050739849175, "eval_runtime": 3.9254, "eval_samples_per_second": 265.708, "eval_steps_per_second": 33.373, "epoch": 3.0}, "43": {"eval_loss": 0.6174367070198059, "eval_matthews_correlation": 0.43271202161213257, "eval_runtime": 4.1956, "eval_samples_per_second": 248.594, "eval_steps_per_second": 31.223, "epoch": 3.0}, "44": {"eval_loss": 0.6099629998207092, "eval_matthews_correlation": 0.4210344655831915, "eval_runtime": 4.1896, "eval_samples_per_second": 248.95, "eval_steps_per_second": 31.268, "epoch": 3.0}}