{"40": {"eval_loss": 0.5740973353385925, "eval_accuracy": 0.7647058823529411, "eval_f1": 0.8490566037735849, "eval_combined_score": 0.806881243063263, "eval_runtime": 1.6422, "eval_samples_per_second": 248.442, "eval_steps_per_second": 31.055, "epoch": 3.0}, "41": {"eval_loss": 0.5328741073608398, "eval_accuracy": 0.7818627450980392, "eval_f1": 0.8593996840442338, "eval_combined_score": 0.8206312145711365, "eval_runtime": 1.6448, "eval_samples_per_second": 248.057, "eval_steps_per_second": 31.007, "epoch": 3.0}, "42": {"eval_loss": 0.5079108476638794, "eval_accuracy": 0.7818627450980392, "eval_f1": 0.8576, "eval_combined_score": 0.8197313725490196, "eval_runtime": 1.6434, "eval_samples_per_second": 248.259, "eval_steps_per_second": 31.032, "epoch": 3.0}, "43": {"eval_loss": 0.5202652215957642, "eval_accuracy": 0.7598039215686274, "eval_f1": 0.8454258675078864, "eval_combined_score": 0.802614894538257, "eval_runtime": 1.6357, "eval_samples_per_second": 249.435, "eval_steps_per_second": 31.179, "epoch": 3.0}, "44": {"eval_loss": 0.5110703706741333, "eval_accuracy": 0.7843137254901961, "eval_f1": 0.8598726114649682, "eval_combined_score": 0.8220931684775821, "eval_runtime": 1.6572, "eval_samples_per_second": 246.201, "eval_steps_per_second": 30.775, "epoch": 3.0}}