{"40": {"eval_loss": 0.7483110427856445, "eval_accuracy": 0.6101083032490975, "eval_runtime": 1.0997, "eval_samples_per_second": 251.894, "eval_steps_per_second": 31.828, "epoch": 3.0}, "41": {"eval_loss": 0.7211910486221313, "eval_accuracy": 0.6137184115523465, "eval_runtime": 1.09, "eval_samples_per_second": 254.134, "eval_steps_per_second": 32.111, "epoch": 3.0}, "42": {"eval_loss": 0.6993082165718079, "eval_accuracy": 0.631768953068592, "eval_runtime": 1.0737, "eval_samples_per_second": 257.996, "eval_steps_per_second": 32.599, "epoch": 3.0}, "43": {"eval_loss": 0.6726499795913696, "eval_accuracy": 0.631768953068592, "eval_runtime": 1.1014, "eval_samples_per_second": 251.499, "eval_steps_per_second": 31.778, "epoch": 3.0}, "44": {"eval_loss": 0.7348172068595886, "eval_accuracy": 0.6028880866425993, "eval_runtime": 1.0985, "eval_samples_per_second": 252.155, "eval_steps_per_second": 31.861, "epoch": 3.0}}