{"40": {"eval_loss": 0.36675336956977844, "eval_accuracy": 0.8578431372549019, "eval_f1": 0.8989547038327527, "eval_combined_score": 0.8783989205438273, "eval_runtime": 1.612, "eval_samples_per_second": 253.098, "eval_steps_per_second": 31.637, "epoch": 3.0}, "41": {"eval_loss": 0.3513604700565338, "eval_accuracy": 0.8578431372549019, "eval_f1": 0.8996539792387543, "eval_combined_score": 0.8787485582468282, "eval_runtime": 1.6129, "eval_samples_per_second": 252.965, "eval_steps_per_second": 31.621, "epoch": 3.0}, "42": {"eval_loss": 0.3768611252307892, "eval_accuracy": 0.8504901960784313, "eval_f1": 0.8946459412780656, "eval_combined_score": 0.8725680686782484, "eval_runtime": 1.6156, "eval_samples_per_second": 252.535, "eval_steps_per_second": 31.567, "epoch": 3.0}, "43": {"eval_loss": 0.35570287704467773, "eval_accuracy": 0.8553921568627451, "eval_f1": 0.8952042628774423, "eval_combined_score": 0.8752982098700937, "eval_runtime": 1.6138, "eval_samples_per_second": 252.823, "eval_steps_per_second": 31.603, "epoch": 3.0}, "44": {"eval_loss": 0.3617531657218933, "eval_accuracy": 0.8529411764705882, "eval_f1": 0.8932384341637011, "eval_combined_score": 0.8730898053171446, "eval_runtime": 1.6179, "eval_samples_per_second": 252.174, "eval_steps_per_second": 31.522, "epoch": 3.0}}