{"41": {"eval_loss": 0.6622350811958313, "eval_accuracy": 0.6173285198555957, "eval_runtime": 1.1225, "eval_samples_per_second": 246.77, "eval_steps_per_second": 31.18, "epoch": 3.0}, "40": {"eval_loss": 0.6669050455093384, "eval_accuracy": 0.628158844765343, "eval_runtime": 1.1167, "eval_samples_per_second": 248.047, "eval_steps_per_second": 31.342, "epoch": 3.0}, "42": {"eval_loss": 0.6562568545341492, "eval_accuracy": 0.631768953068592, "eval_runtime": 1.1243, "eval_samples_per_second": 246.376, "eval_steps_per_second": 31.131, "epoch": 3.0}, "43": {"eval_loss": 0.6675677299499512, "eval_accuracy": 0.628158844765343, "eval_runtime": 1.1127, "eval_samples_per_second": 248.94, "eval_steps_per_second": 31.455, "epoch": 3.0}, "44": {"eval_loss": 0.653217613697052, "eval_accuracy": 0.6173285198555957, "eval_runtime": 1.1143, "eval_samples_per_second": 248.581, "eval_steps_per_second": 31.409, "epoch": 3.0}}