{"40": {"eval_loss": 0.3395999073982239, "eval_accuracy": 0.8651960784313726, "eval_f1": 0.9033391915641477, "eval_combined_score": 0.8842676349977601, "eval_runtime": 2.9262, "eval_samples_per_second": 139.43, "eval_steps_per_second": 17.429, "epoch": 3.0}, "41": {"eval_loss": 0.32841596007347107, "eval_accuracy": 0.875, "eval_f1": 0.9090909090909091, "eval_combined_score": 0.8920454545454546, "eval_runtime": 2.9123, "eval_samples_per_second": 140.094, "eval_steps_per_second": 17.512, "epoch": 3.0}, "42": {"eval_loss": 0.37064847350120544, "eval_accuracy": 0.8627450980392157, "eval_f1": 0.9027777777777778, "eval_combined_score": 0.8827614379084967, "eval_runtime": 2.9789, "eval_samples_per_second": 136.961, "eval_steps_per_second": 17.12, "epoch": 3.0}, "43": {"eval_loss": 0.32728874683380127, "eval_accuracy": 0.8799019607843137, "eval_f1": 0.9126559714795008, "eval_combined_score": 0.8962789661319073, "eval_runtime": 3.0146, "eval_samples_per_second": 135.341, "eval_steps_per_second": 16.918, "epoch": 3.0}, "44": {"eval_loss": 0.32424959540367126, "eval_accuracy": 0.8799019607843137, "eval_f1": 0.9138840070298769, "eval_combined_score": 0.8968929839070954, "eval_runtime": 2.9482, "eval_samples_per_second": 138.389, "eval_steps_per_second": 17.299, "epoch": 3.0}}