{"40": {"eval_loss": 0.6714577674865723, "eval_accuracy": 0.6064981949458483, "eval_runtime": 2.0752, "eval_samples_per_second": 133.48, "eval_steps_per_second": 16.866, "epoch": 3.0}, "41": {"eval_loss": 0.6353353261947632, "eval_accuracy": 0.631768953068592, "eval_runtime": 2.071, "eval_samples_per_second": 133.751, "eval_steps_per_second": 16.9, "epoch": 3.0}, "42": {"eval_loss": 0.6430571675300598, "eval_accuracy": 0.631768953068592, "eval_runtime": 2.0762, "eval_samples_per_second": 133.418, "eval_steps_per_second": 16.858, "epoch": 3.0}, "43": {"eval_loss": 0.6428003907203674, "eval_accuracy": 0.6534296028880866, "eval_runtime": 2.2909, "eval_samples_per_second": 120.911, "eval_steps_per_second": 15.278, "epoch": 3.0}, "44": {"eval_loss": 0.6428840160369873, "eval_accuracy": 0.6353790613718412, "eval_runtime": 2.0786, "eval_samples_per_second": 133.261, "eval_steps_per_second": 16.838, "epoch": 3.0}}