{"40": {"eval_loss": 0.2974439859390259, "eval_accuracy": 0.9162844036697247, "eval_runtime": 6.4807, "eval_samples_per_second": 134.553, "eval_steps_per_second": 16.819, "epoch": 3.0}, "41": {"eval_loss": 0.2988632023334503, "eval_accuracy": 0.9231651376146789, "eval_runtime": 7.3121, "eval_samples_per_second": 119.255, "eval_steps_per_second": 14.907, "epoch": 3.0}, "42": {"eval_loss": 0.3548116981983185, "eval_accuracy": 0.9071100917431193, "eval_runtime": 6.4442, "eval_samples_per_second": 135.315, "eval_steps_per_second": 16.914, "epoch": 3.0}, "43": {"eval_loss": 0.3238370716571808, "eval_accuracy": 0.9162844036697247, "eval_runtime": 6.4647, "eval_samples_per_second": 134.886, "eval_steps_per_second": 16.861, "epoch": 3.0}, "44": {"eval_loss": 0.33938050270080566, "eval_accuracy": 0.9197247706422018, "eval_runtime": 6.4864, "eval_samples_per_second": 134.435, "eval_steps_per_second": 16.804, "epoch": 3.0}}