{"40": {"eval_loss": 0.2996157109737396, "eval_accuracy": 0.899505766062603, "eval_runtime": 42.5852, "eval_samples_per_second": 128.284, "eval_steps_per_second": 16.038, "epoch": 3.0}, "41": {"eval_loss": 0.291868656873703, "eval_accuracy": 0.9020684605528098, "eval_runtime": 43.6057, "eval_samples_per_second": 125.282, "eval_steps_per_second": 15.663, "epoch": 3.0}, "42": {"eval_loss": 0.3039872944355011, "eval_accuracy": 0.8998718652754897, "eval_runtime": 43.7234, "eval_samples_per_second": 124.944, "eval_steps_per_second": 15.621, "epoch": 3.0}, "43": {"eval_loss": 0.30031463503837585, "eval_accuracy": 0.8991396668497162, "eval_runtime": 40.5322, "eval_samples_per_second": 134.782, "eval_steps_per_second": 16.851, "epoch": 3.0}, "44": {"eval_loss": 0.30623292922973633, "eval_accuracy": 0.900604063701263, "eval_runtime": 40.5993, "eval_samples_per_second": 134.559, "eval_steps_per_second": 16.823, "epoch": 3.0}}