{"40": {"eval_loss": 0.4929402768611908, "eval_accuracy": 0.7818627450980392, "eval_f1": 0.8562197092084006, "eval_combined_score": 0.8190412271532199, "eval_runtime": 3.0579, "eval_samples_per_second": 133.424, "eval_steps_per_second": 16.678, "epoch": 3.0}, "41": {"eval_loss": 0.44946199655532837, "eval_accuracy": 0.7941176470588235, "eval_f1": 0.8581081081081081, "eval_combined_score": 0.8261128775834659, "eval_runtime": 2.9925, "eval_samples_per_second": 136.339, "eval_steps_per_second": 17.042, "epoch": 3.0}, "42": {"eval_loss": 0.4960823953151703, "eval_accuracy": 0.7720588235294118, "eval_f1": 0.8436974789915966, "eval_combined_score": 0.8078781512605042, "eval_runtime": 3.2397, "eval_samples_per_second": 125.939, "eval_steps_per_second": 15.742, "epoch": 3.0}, "43": {"eval_loss": 0.4160138964653015, "eval_accuracy": 0.821078431372549, "eval_f1": 0.8764805414551607, "eval_combined_score": 0.8487794864138549, "eval_runtime": 4.2823, "eval_samples_per_second": 95.276, "eval_steps_per_second": 11.909, "epoch": 3.0}, "44": {"eval_loss": 0.45317116379737854, "eval_accuracy": 0.7941176470588235, "eval_f1": 0.8585858585858586, "eval_combined_score": 0.826351752822341, "eval_runtime": 3.059, "eval_samples_per_second": 133.375, "eval_steps_per_second": 16.672, "epoch": 3.0}}