{"40": {"eval_loss": 0.2641890347003937, "eval_accuracy": 0.9043037348503586, "eval_f1": 0.8715172848935676, "eval_combined_score": 0.8879105098719631, "eval_runtime": 300.2146, "eval_samples_per_second": 134.67, "eval_steps_per_second": 16.835, "epoch": 3.0}, "41": {"eval_loss": 0.26770901679992676, "eval_accuracy": 0.904328468958694, "eval_f1": 0.8722251585623678, "eval_combined_score": 0.8882768137605309, "eval_runtime": 300.535, "eval_samples_per_second": 134.527, "eval_steps_per_second": 16.817, "epoch": 3.0}, "42": {"eval_loss": 0.26967012882232666, "eval_accuracy": 0.9047242146920603, "eval_f1": 0.8727621060976415, "eval_combined_score": 0.8887431603948509, "eval_runtime": 327.8702, "eval_samples_per_second": 123.311, "eval_steps_per_second": 15.415, "epoch": 3.0}, "43": {"eval_loss": 0.27052929997444153, "eval_accuracy": 0.902448676725204, "eval_f1": 0.8693001060445387, "eval_combined_score": 0.8858743913848713, "eval_runtime": 300.4057, "eval_samples_per_second": 134.585, "eval_steps_per_second": 16.824, "epoch": 3.0}, "44": {"eval_loss": 0.2679744362831116, "eval_accuracy": 0.9037101162503092, "eval_f1": 0.8713270533796067, "eval_combined_score": 0.8875185848149579, "eval_runtime": 299.5098, "eval_samples_per_second": 134.987, "eval_steps_per_second": 16.874, "epoch": 3.0}}