{"40": {"eval_loss": 0.6162861585617065, "eval_accuracy": 0.6642599277978339, "eval_runtime": 1.3379, "eval_samples_per_second": 207.041, "eval_steps_per_second": 26.16, "epoch": 3.0}, "41": {"eval_loss": 0.674975574016571, "eval_accuracy": 0.5992779783393501, "eval_runtime": 0.9784, "eval_samples_per_second": 283.112, "eval_steps_per_second": 35.772, "epoch": 3.0}, "42": {"eval_loss": 0.6387673020362854, "eval_accuracy": 0.6353790613718412, "eval_runtime": 1.1582, "eval_samples_per_second": 239.155, "eval_steps_per_second": 30.218, "epoch": 3.0}, "43": {"eval_loss": 0.6068176031112671, "eval_accuracy": 0.6714801444043321, "eval_runtime": 1.2599, "eval_samples_per_second": 219.856, "eval_steps_per_second": 27.78, "epoch": 3.0}, "44": {"eval_loss": 0.6602423191070557, "eval_accuracy": 0.6462093862815884, "eval_runtime": 0.9741, "eval_samples_per_second": 284.363, "eval_steps_per_second": 35.93, "epoch": 3.0}}