{"40": {"eval_loss": 0.4826531410217285, "eval_accuracy": 0.8328925956061839, "eval_runtime": 72.8299, "eval_samples_per_second": 135.0, "eval_steps_per_second": 16.875, "epoch": 3.0}, "41": {"eval_loss": 0.49295467138290405, "eval_accuracy": 0.8323840520748577, "eval_runtime": 72.7619, "eval_samples_per_second": 135.126, "eval_steps_per_second": 16.891, "epoch": 3.0}, "42": {"eval_loss": 0.4758481979370117, "eval_accuracy": 0.835740439381611, "eval_runtime": 73.0644, "eval_samples_per_second": 134.566, "eval_steps_per_second": 16.821, "epoch": 3.0}, "43": {"eval_loss": 0.4897707402706146, "eval_accuracy": 0.8328925956061839, "eval_runtime": 72.9238, "eval_samples_per_second": 134.826, "eval_steps_per_second": 16.853, "epoch": 3.0}, "44": {"eval_loss": 0.4840356707572937, "eval_accuracy": 0.834926769731489, "eval_runtime": 34.3201, "eval_samples_per_second": 286.479, "eval_steps_per_second": 35.81, "epoch": 3.0}}