{"40": {"eval_loss": 0.5089935660362244, "eval_matthews_correlation": 0.5265067723079826, "eval_runtime": 7.7284, "eval_samples_per_second": 134.956, "eval_steps_per_second": 16.95, "epoch": 3.0}, "41": {"eval_loss": 0.5170565843582153, "eval_matthews_correlation": 0.5315139457578117, "eval_runtime": 7.6966, "eval_samples_per_second": 135.514, "eval_steps_per_second": 17.02, "epoch": 3.0}, "42": {"eval_loss": 0.5262672305107117, "eval_matthews_correlation": 0.5393878269002617, "eval_runtime": 7.7437, "eval_samples_per_second": 134.689, "eval_steps_per_second": 16.917, "epoch": 3.0}, "43": {"eval_loss": 0.5273129343986511, "eval_matthews_correlation": 0.5416549448511832, "eval_runtime": 7.9884, "eval_samples_per_second": 130.565, "eval_steps_per_second": 16.399, "epoch": 3.0}, "44": {"eval_loss": 0.516851544380188, "eval_matthews_correlation": 0.5390439985632989, "eval_runtime": 7.7265, "eval_samples_per_second": 134.99, "eval_steps_per_second": 16.955, "epoch": 3.0}}