{"40": {"eval_loss": 0.6714577674865723, "eval_accuracy": 0.6064981949458483, "eval_runtime": 0.959, "eval_samples_per_second": 288.847, "eval_steps_per_second": 36.497, "epoch": 3.0}, "41": {"eval_loss": 0.6353353261947632, "eval_accuracy": 0.631768953068592, "eval_runtime": 2.1207, "eval_samples_per_second": 130.617, "eval_steps_per_second": 16.504, "epoch": 3.0}, "42": {"eval_loss": 0.6430571675300598, "eval_accuracy": 0.631768953068592, "eval_runtime": 1.0298, "eval_samples_per_second": 268.977, "eval_steps_per_second": 33.986, "epoch": 3.0}, "43": {"eval_loss": 0.6428003907203674, "eval_accuracy": 0.6534296028880866, "eval_runtime": 2.1069, "eval_samples_per_second": 131.475, "eval_steps_per_second": 16.612, "epoch": 3.0}, "44": {"eval_loss": 0.6428840160369873, "eval_accuracy": 0.6353790613718412, "eval_runtime": 1.0224, "eval_samples_per_second": 270.938, "eval_steps_per_second": 34.234, "epoch": 3.0}}