{"40": {"eval_loss": 0.5072221159934998, "eval_matthews_correlation": 0.5476972834600634, "eval_runtime": 7.6457, "eval_samples_per_second": 136.416, "eval_steps_per_second": 17.134, "epoch": 3.0}, "41": {"eval_loss": 0.5526649355888367, "eval_matthews_correlation": 0.5021501283308087, "eval_runtime": 7.6698, "eval_samples_per_second": 135.988, "eval_steps_per_second": 17.08, "epoch": 3.0}, "42": {"eval_loss": 0.5213152766227722, "eval_matthews_correlation": 0.5341602366353293, "eval_runtime": 7.6005, "eval_samples_per_second": 137.228, "eval_steps_per_second": 17.236, "epoch": 3.0}, "43": {"eval_loss": 0.5067344307899475, "eval_matthews_correlation": 0.5495443671948597, "eval_runtime": 7.6183, "eval_samples_per_second": 136.907, "eval_steps_per_second": 17.195, "epoch": 3.0}, "44": {"eval_loss": 0.5602066516876221, "eval_matthews_correlation": 0.5232427655095763, "eval_runtime": 7.6817, "eval_samples_per_second": 135.777, "eval_steps_per_second": 17.053, "epoch": 3.0}}