{"40": {"eval_loss": 0.505648672580719, "eval_pearson": 0.8837739283257875, "eval_spearmanr": 0.8808226658010304, "eval_combined_score": 0.882298297063409, "eval_runtime": 11.1613, "eval_samples_per_second": 134.392, "eval_steps_per_second": 16.844, "epoch": 3.0}, "41": {"eval_loss": 0.5386689305305481, "eval_pearson": 0.8785826242880148, "eval_spearmanr": 0.8754653667349978, "eval_combined_score": 0.8770239955115062, "eval_runtime": 10.9289, "eval_samples_per_second": 137.25, "eval_steps_per_second": 17.202, "epoch": 3.0}, "42": {"eval_loss": 0.5377004742622375, "eval_pearson": 0.8767797085347695, "eval_spearmanr": 0.8742815171646146, "eval_combined_score": 0.875530612849692, "eval_runtime": 10.9867, "eval_samples_per_second": 136.529, "eval_steps_per_second": 17.112, "epoch": 3.0}, "43": {"eval_loss": 0.5155655741691589, "eval_pearson": 0.8826679357797502, "eval_spearmanr": 0.8793033283468608, "eval_combined_score": 0.8809856320633055, "eval_runtime": 10.9802, "eval_samples_per_second": 136.61, "eval_steps_per_second": 17.122, "epoch": 3.0}, "44": {"eval_loss": 0.518572986125946, "eval_pearson": 0.882093852729648, "eval_spearmanr": 0.8788155968020565, "eval_combined_score": 0.8804547247658523, "eval_runtime": 10.986, "eval_samples_per_second": 136.538, "eval_steps_per_second": 17.113, "epoch": 3.0}}