{"40": {"eval_loss": 0.5089935660362244, "eval_matthews_correlation": 0.5265067723079826, "eval_runtime": 7.6368, "eval_samples_per_second": 136.575, "eval_steps_per_second": 17.154, "epoch": 3.0}, "41": {"eval_loss": 0.5170565843582153, "eval_matthews_correlation": 0.5315139457578117, "eval_runtime": 7.6413, "eval_samples_per_second": 136.494, "eval_steps_per_second": 17.144, "epoch": 3.0}, "42": {"eval_loss": 0.5262672305107117, "eval_matthews_correlation": 0.5393878269002617, "eval_runtime": 7.6761, "eval_samples_per_second": 135.876, "eval_steps_per_second": 17.066, "epoch": 3.0}, "43": {"eval_loss": 0.5273129343986511, "eval_matthews_correlation": 0.5416549448511832, "eval_runtime": 7.6214, "eval_samples_per_second": 136.851, "eval_steps_per_second": 17.188, "epoch": 3.0}, "44": {"eval_loss": 0.516851544380188, "eval_matthews_correlation": 0.5390439985632989, "eval_runtime": 7.6566, "eval_samples_per_second": 136.222, "eval_steps_per_second": 17.109, "epoch": 3.0}}