{"40": {"eval_loss": 0.5019654035568237, "eval_pearson": 0.8919989345806414, "eval_spearmanr": 0.8903907791571484, "eval_combined_score": 0.8911948568688949, "eval_runtime": 10.8996, "eval_samples_per_second": 137.62, "eval_steps_per_second": 17.248, "epoch": 3.0}, "41": {"eval_loss": 0.5171392560005188, "eval_pearson": 0.8916263433513478, "eval_spearmanr": 0.8903362720021433, "eval_combined_score": 0.8909813076767455, "eval_runtime": 10.9606, "eval_samples_per_second": 136.853, "eval_steps_per_second": 17.152, "epoch": 3.0}, "42": {"eval_loss": 0.5125455260276794, "eval_pearson": 0.8917395286879923, "eval_spearmanr": 0.8901204693623043, "eval_combined_score": 0.8909299990251482, "eval_runtime": 10.9376, "eval_samples_per_second": 137.141, "eval_steps_per_second": 17.188, "epoch": 3.0}, "43": {"eval_loss": 0.5081527233123779, "eval_pearson": 0.8906166752108504, "eval_spearmanr": 0.8877999161615048, "eval_combined_score": 0.8892082956861775, "eval_runtime": 11.0267, "eval_samples_per_second": 136.033, "eval_steps_per_second": 17.049, "epoch": 3.0}, "44": {"eval_loss": 0.5424954295158386, "eval_pearson": 0.8875143294288392, "eval_spearmanr": 0.8848579337067801, "eval_combined_score": 0.8861861315678097, "eval_runtime": 10.9799, "eval_samples_per_second": 136.613, "eval_steps_per_second": 17.122, "epoch": 3.0}}