{"40": {"eval_loss": 0.505648672580719, "eval_pearson": 0.8837739283257875, "eval_spearmanr": 0.8808226658010304, "eval_combined_score": 0.882298297063409, "eval_runtime": 11.2118, "eval_samples_per_second": 133.788, "eval_steps_per_second": 16.768, "epoch": 3.0}, "41": {"eval_loss": 0.5386689305305481, "eval_pearson": 0.8785826242880148, "eval_spearmanr": 0.8754653667349978, "eval_combined_score": 0.8770239955115062, "eval_runtime": 11.433, "eval_samples_per_second": 131.199, "eval_steps_per_second": 16.444, "epoch": 3.0}, "42": {"eval_loss": 0.5377004742622375, "eval_pearson": 0.8767797085347695, "eval_spearmanr": 0.8742815171646146, "eval_combined_score": 0.875530612849692, "eval_runtime": 11.216, "eval_samples_per_second": 133.738, "eval_steps_per_second": 16.762, "epoch": 3.0}, "43": {"eval_loss": 0.5155655741691589, "eval_pearson": 0.8826679357797502, "eval_spearmanr": 0.8793033283468608, "eval_combined_score": 0.8809856320633055, "eval_runtime": 12.7116, "eval_samples_per_second": 118.002, "eval_steps_per_second": 14.79, "epoch": 3.0}, "44": {"eval_loss": 0.518572986125946, "eval_pearson": 0.882093852729648, "eval_spearmanr": 0.8788155968020565, "eval_combined_score": 0.8804547247658523, "eval_runtime": 11.1472, "eval_samples_per_second": 134.563, "eval_steps_per_second": 16.865, "epoch": 3.0}}