{"40": {"eval_loss": 0.5580073595046997, "eval_matthews_correlation": 0.5045993817720598, "eval_runtime": 10.7447, "eval_samples_per_second": 97.071, "eval_steps_per_second": 12.192, "epoch": 3.0}, "41": {"eval_loss": 0.5284887552261353, "eval_matthews_correlation": 0.5179391870486293, "eval_runtime": 13.5722, "eval_samples_per_second": 76.848, "eval_steps_per_second": 9.652, "epoch": 3.0}, "42": {"eval_loss": 0.5290856957435608, "eval_matthews_correlation": 0.5155383069979991, "eval_runtime": 11.3913, "eval_samples_per_second": 91.561, "eval_steps_per_second": 11.5, "epoch": 3.0}, "43": {"eval_loss": 0.5141483545303345, "eval_matthews_correlation": 0.5159673470694772, "eval_runtime": 13.5905, "eval_samples_per_second": 76.745, "eval_steps_per_second": 9.639, "epoch": 3.0}, "44": {"eval_loss": 0.5444929599761963, "eval_matthews_correlation": 0.5260499940984096, "eval_runtime": 9.696, "eval_samples_per_second": 107.57, "eval_steps_per_second": 13.511, "epoch": 3.0}}