{"40": {"eval_loss": 0.6668158173561096, "eval_accuracy": 0.5992779783393501, "eval_runtime": 3.6197, "eval_samples_per_second": 76.526, "eval_steps_per_second": 9.669, "epoch": 3.0}, "41": {"eval_loss": 0.6834278106689453, "eval_accuracy": 0.5667870036101083, "eval_runtime": 3.6251, "eval_samples_per_second": 76.412, "eval_steps_per_second": 9.655, "epoch": 3.0}, "42": {"eval_loss": 0.6788653135299683, "eval_accuracy": 0.592057761732852, "eval_runtime": 3.599, "eval_samples_per_second": 76.966, "eval_steps_per_second": 9.725, "epoch": 3.0}, "43": {"eval_loss": 0.6732080578804016, "eval_accuracy": 0.6137184115523465, "eval_runtime": 3.628, "eval_samples_per_second": 76.351, "eval_steps_per_second": 9.647, "epoch": 3.0}, "44": {"eval_loss": 0.6831603050231934, "eval_accuracy": 0.5956678700361011, "eval_runtime": 3.6329, "eval_samples_per_second": 76.248, "eval_steps_per_second": 9.634, "epoch": 3.0}}