{"40": {"eval_loss": 0.5255591869354248, "eval_matthews_correlation": 0.5675682416159784, "eval_runtime": 9.2913, "eval_samples_per_second": 112.256, "eval_steps_per_second": 14.099, "epoch": 3.0}, "41": {"eval_loss": 0.5036777853965759, "eval_matthews_correlation": 0.5778184033685675, "eval_runtime": 9.2119, "eval_samples_per_second": 113.224, "eval_steps_per_second": 14.221, "epoch": 3.0}, "42": {"eval_loss": 0.5279257893562317, "eval_matthews_correlation": 0.5650871771295588, "eval_runtime": 9.3146, "eval_samples_per_second": 111.975, "eval_steps_per_second": 14.064, "epoch": 3.0}, "43": {"eval_loss": 0.5117315649986267, "eval_matthews_correlation": 0.5754342635449895, "eval_runtime": 9.1606, "eval_samples_per_second": 113.857, "eval_steps_per_second": 14.3, "epoch": 3.0}, "44": {"eval_loss": 0.5239620208740234, "eval_matthews_correlation": 0.5703054933279827, "eval_runtime": 9.3071, "eval_samples_per_second": 112.064, "eval_steps_per_second": 14.075, "epoch": 3.0}}