{"40": {"eval_loss": 0.47245654463768005, "eval_pearson": 0.900987537808362, "eval_spearmanr": 0.8997259297192515, "eval_combined_score": 0.9003567337638068, "eval_runtime": 13.1559, "eval_samples_per_second": 114.017, "eval_steps_per_second": 14.29, "epoch": 3.0}, "41": {"eval_loss": 0.4693482220172882, "eval_pearson": 0.9006390763429977, "eval_spearmanr": 0.8991515609959819, "eval_combined_score": 0.8998953186694898, "eval_runtime": 13.1564, "eval_samples_per_second": 114.013, "eval_steps_per_second": 14.29, "epoch": 3.0}, "42": {"eval_loss": 0.4482530951499939, "eval_pearson": 0.9040650892667905, "eval_spearmanr": 0.901452325926915, "eval_combined_score": 0.9027587075968528, "eval_runtime": 13.1283, "eval_samples_per_second": 114.257, "eval_steps_per_second": 14.32, "epoch": 3.0}, "43": {"eval_loss": 0.4567102789878845, "eval_pearson": 0.9025754256067273, "eval_spearmanr": 0.9012778649525801, "eval_combined_score": 0.9019266452796537, "eval_runtime": 13.2205, "eval_samples_per_second": 113.46, "eval_steps_per_second": 14.22, "epoch": 3.0}, "44": {"eval_loss": 0.4747929573059082, "eval_pearson": 0.8962081837728988, "eval_spearmanr": 0.8948252786547832, "eval_combined_score": 0.895516731213841, "eval_runtime": 13.1767, "eval_samples_per_second": 113.838, "eval_steps_per_second": 14.268, "epoch": 3.0}}