{"40": {"eval_loss": 0.634990930557251, "eval_accuracy": 0.6462093862815884, "eval_runtime": 2.3769, "eval_samples_per_second": 116.537, "eval_steps_per_second": 14.725, "epoch": 3.0}, "41": {"eval_loss": 0.6298503875732422, "eval_accuracy": 0.6678700361010831, "eval_runtime": 2.3975, "eval_samples_per_second": 115.536, "eval_steps_per_second": 14.598, "epoch": 3.0}, "42": {"eval_loss": 0.588042676448822, "eval_accuracy": 0.6787003610108303, "eval_runtime": 2.4101, "eval_samples_per_second": 114.932, "eval_steps_per_second": 14.522, "epoch": 3.0}, "43": {"eval_loss": 0.5798972249031067, "eval_accuracy": 0.703971119133574, "eval_runtime": 2.3691, "eval_samples_per_second": 116.921, "eval_steps_per_second": 14.773, "epoch": 3.0}, "44": {"eval_loss": 0.601521372795105, "eval_accuracy": 0.6642599277978339, "eval_runtime": 2.3911, "eval_samples_per_second": 115.847, "eval_steps_per_second": 14.638, "epoch": 3.0}}