{"40": {"eval_loss": 0.5254454612731934, "eval_pearson": 0.8842059682641974, "eval_spearmanr": 0.8821983873897771, "eval_combined_score": 0.8832021778269872, "eval_runtime": 13.1243, "eval_samples_per_second": 114.292, "eval_steps_per_second": 14.325, "epoch": 3.0}, "41": {"eval_loss": 0.49936288595199585, "eval_pearson": 0.8907869021403866, "eval_spearmanr": 0.8874924017146838, "eval_combined_score": 0.8891396519275352, "eval_runtime": 13.3432, "eval_samples_per_second": 112.417, "eval_steps_per_second": 14.09, "epoch": 3.0}, "42": {"eval_loss": 0.5294376611709595, "eval_pearson": 0.8855599609434566, "eval_spearmanr": 0.88379227806395, "eval_combined_score": 0.8846761195037033, "eval_runtime": 13.2264, "eval_samples_per_second": 113.409, "eval_steps_per_second": 14.214, "epoch": 3.0}, "43": {"eval_loss": 0.5414473414421082, "eval_pearson": 0.8805248844959408, "eval_spearmanr": 0.8786990735900735, "eval_combined_score": 0.8796119790430071, "eval_runtime": 13.1498, "eval_samples_per_second": 114.07, "eval_steps_per_second": 14.297, "epoch": 3.0}, "44": {"eval_loss": 0.5514898896217346, "eval_pearson": 0.8793190917910891, "eval_spearmanr": 0.8760209614239756, "eval_combined_score": 0.8776700266075323, "eval_runtime": 13.2328, "eval_samples_per_second": 113.355, "eval_steps_per_second": 14.207, "epoch": 3.0}}