{"40": {"eval_loss": 0.5043560266494751, "eval_matthews_correlation": 0.5633880074988443, "eval_runtime": 9.1376, "eval_samples_per_second": 114.144, "eval_steps_per_second": 14.336, "epoch": 3.0}, "41": {"eval_loss": 0.5722454786300659, "eval_matthews_correlation": 0.5392832081618074, "eval_runtime": 9.1178, "eval_samples_per_second": 114.391, "eval_steps_per_second": 14.367, "epoch": 3.0}, "42": {"eval_loss": 0.552457332611084, "eval_matthews_correlation": 0.5313214843751437, "eval_runtime": 9.134, "eval_samples_per_second": 114.189, "eval_steps_per_second": 14.342, "epoch": 3.0}, "43": {"eval_loss": 0.5245973467826843, "eval_matthews_correlation": 0.5854359148233064, "eval_runtime": 9.1307, "eval_samples_per_second": 114.23, "eval_steps_per_second": 14.347, "epoch": 3.0}, "44": {"eval_loss": 0.5548598766326904, "eval_matthews_correlation": 0.5494968980251971, "eval_runtime": 9.1303, "eval_samples_per_second": 114.235, "eval_steps_per_second": 14.348, "epoch": 3.0}}