{"40": {"eval_loss": 0.4446585476398468, "eval_accuracy": 0.8235294117647058, "eval_f1": 0.8787878787878788, "eval_combined_score": 0.8511586452762923, "eval_runtime": 1.7586, "eval_samples_per_second": 232.004, "eval_steps_per_second": 29.001, "epoch": 3.0}, "41": {"eval_loss": 0.4084005057811737, "eval_accuracy": 0.8406862745098039, "eval_f1": 0.8900169204737732, "eval_combined_score": 0.8653515974917886, "eval_runtime": 3.6132, "eval_samples_per_second": 112.92, "eval_steps_per_second": 14.115, "epoch": 3.0}, "42": {"eval_loss": 0.41097283363342285, "eval_accuracy": 0.8284313725490197, "eval_f1": 0.8788927335640139, "eval_combined_score": 0.8536620530565168, "eval_runtime": 3.6253, "eval_samples_per_second": 112.541, "eval_steps_per_second": 14.068, "epoch": 3.0}, "43": {"eval_loss": 0.4836602807044983, "eval_accuracy": 0.7916666666666666, "eval_f1": 0.8585690515806988, "eval_combined_score": 0.8251178591236827, "eval_runtime": 3.6183, "eval_samples_per_second": 112.76, "eval_steps_per_second": 14.095, "epoch": 3.0}, "44": {"eval_loss": 0.42467454075813293, "eval_accuracy": 0.8235294117647058, "eval_f1": 0.8771331058020477, "eval_combined_score": 0.8503312587833768, "eval_runtime": 3.4143, "eval_samples_per_second": 119.499, "eval_steps_per_second": 14.937, "epoch": 3.0}}