{"40": {"eval_loss": 0.6564320921897888, "eval_accuracy": 0.6498194945848376, "eval_runtime": 1.1854, "eval_samples_per_second": 233.675, "eval_steps_per_second": 29.526, "epoch": 3.0}, "41": {"eval_loss": 0.6429622173309326, "eval_accuracy": 0.631768953068592, "eval_runtime": 1.2254, "eval_samples_per_second": 226.044, "eval_steps_per_second": 28.561, "epoch": 3.0}, "42": {"eval_loss": 0.6251422762870789, "eval_accuracy": 0.6462093862815884, "eval_runtime": 2.4698, "eval_samples_per_second": 112.157, "eval_steps_per_second": 14.171, "epoch": 3.0}, "43": {"eval_loss": 0.6707237958908081, "eval_accuracy": 0.6570397111913358, "eval_runtime": 1.1946, "eval_samples_per_second": 231.884, "eval_steps_per_second": 29.299, "epoch": 3.0}, "44": {"eval_loss": 0.662193775177002, "eval_accuracy": 0.6389891696750902, "eval_runtime": 2.4676, "eval_samples_per_second": 112.257, "eval_steps_per_second": 14.184, "epoch": 3.0}}