{"40": {"eval_loss": 0.29843419790267944, "eval_accuracy": 0.8799019607843137, "eval_f1": 0.9113924050632911, "eval_combined_score": 0.8956471829238024, "eval_runtime": 3.5819, "eval_samples_per_second": 113.905, "eval_steps_per_second": 14.238, "epoch": 3.0}, "41": {"eval_loss": 0.33649295568466187, "eval_accuracy": 0.8848039215686274, "eval_f1": 0.9162210338680927, "eval_combined_score": 0.9005124777183601, "eval_runtime": 3.5659, "eval_samples_per_second": 114.419, "eval_steps_per_second": 14.302, "epoch": 3.0}, "42": {"eval_loss": 0.34590643644332886, "eval_accuracy": 0.8627450980392157, "eval_f1": 0.900355871886121, "eval_combined_score": 0.8815504849626683, "eval_runtime": 3.6112, "eval_samples_per_second": 112.98, "eval_steps_per_second": 14.123, "epoch": 3.0}, "43": {"eval_loss": 0.29995471239089966, "eval_accuracy": 0.8700980392156863, "eval_f1": 0.9045045045045045, "eval_combined_score": 0.8873012718600954, "eval_runtime": 3.6384, "eval_samples_per_second": 112.136, "eval_steps_per_second": 14.017, "epoch": 3.0}, "44": {"eval_loss": 0.33002763986587524, "eval_accuracy": 0.8725490196078431, "eval_f1": 0.9064748201438849, "eval_combined_score": 0.8895119198758641, "eval_runtime": 3.6396, "eval_samples_per_second": 112.1, "eval_steps_per_second": 14.012, "epoch": 3.0}}